{
  "colors": {
    "primary": {
      "50": "#eff6ff",
      "100": "#dbeafe", 
      "200": "#bfdbfe",
      "300": "#93c5fd",
      "400": "#60a5fa",
      "500": "#0057b8",
      "600": "#004d9f",
      "700": "#004285",
      "800": "#00376b",
      "900": "#002d51"
    },
    "slate": {
      "50": "#f8fafc",
      "100": "#f1f5f9",
      "200": "#e2e8f0",
      "300": "#cbd5e1",
      "400": "#94a3b8",
      "500": "#64748b",
      "600": "#475569",
      "700": "#334155",
      "800": "#1e293b",
      "900": "#0f172a"
    },
    "success": {
      "50": "#ecfdf5",
      "100": "#d1fae5",
      "200": "#a7f3d0",
      "300": "#6ee7b7",
      "400": "#34d399",
      "500": "#059669",
      "600": "#047857",
      "700": "#065f46",
      "800": "#064e3b",
      "900": "#022c22"
    },
    "warning": {
      "50": "#fffbeb",
      "100": "#fef3c7",
      "200": "#fde68a",
      "300": "#fcd34d",
      "400": "#fbbf24",
      "500": "#f59e0b",
      "600": "#d97706",
      "700": "#b45309",
      "800": "#92400e",
      "900": "#78350f"
    },
    "danger": {
      "50": "#fef2f2",
      "100": "#fee2e2",
      "200": "#fecaca",
      "300": "#fca5a5",
      "400": "#f87171",
      "500": "#dc2626",
      "600": "#b91c1c",
      "700": "#991b1b",
      "800": "#7f1d1d",
      "900": "#450a0a"
    },
    "gray": {
      "50": "#f9fafb",
      "100": "#f3f4f6",
      "200": "#e5e7eb",
      "300": "#d1d5db",
      "400": "#9ca3af",
      "500": "#6b7280",
      "600": "#4b5563",
      "700": "#374151",
      "800": "#1f2937",
      "900": "#111827"
    }
  },
  "spacing": {
    "0": "0px",
    "1": "4px",
    "2": "8px",
    "3": "12px",
    "4": "16px",
    "5": "20px",
    "6": "24px",
    "7": "28px",
    "8": "32px",
    "9": "36px",
    "10": "40px",
    "11": "44px",
    "12": "48px",
    "14": "56px",
    "16": "64px",
    "20": "80px",
    "24": "96px"
  },
  "fontSize": {
    "xs": ["12px", { "lineHeight": "16px" }],
    "sm": ["14px", { "lineHeight": "20px" }],
    "base": ["16px", { "lineHeight": "24px" }],
    "lg": ["20px", { "lineHeight": "28px" }],
    "xl": ["24px", { "lineHeight": "32px" }],
    "2xl": ["30px", { "lineHeight": "36px" }],
    "3xl": ["36px", { "lineHeight": "40px" }],
    "4xl": ["48px", { "lineHeight": "48px" }],
    "5xl": ["60px", { "lineHeight": "60px" }]
  },
  "transitionDuration": {
    "fast": "100ms",
    "base": "150ms", 
    "slow": "250ms"
  },
  "transitionTimingFunction": {
    "ease-out": "cubic-bezier(0.4, 0, 0.2, 1)"
  }
}